"DATE";"TIME_PERIOD";"OBS_VALUE";"OBS_STATUS";"OBS_QUAL";"OBS_TYPE";"IDBANK";"FREQ";"TITLE_FR";"TITLE_EN";"LAST_UPDATE";"UNIT_MEASURE";"UNIT_MULT";"REF_AREA";"DECIMALS";"OBS_REV"
2020-12-01;"2020-12";136.91;"A";"DEF";"A";"010543680";"M";"Indice de chiffre d'affaires - Conseil informatique (NAF rév. 2, niv. classe poste 62.02)";"Turnover index - Computer consultancy activities (NAF rev. 2, lev. Class, item 62.02)";"2021-02-26";"SO";"0";"FE";"2";NA
2020-11-01;"2020-11";139.47;"A";"DEF";"A";"010543680";"M";"Indice de chiffre d'affaires - Conseil informatique (NAF rév. 2, niv. classe poste 62.02)";"Turnover index - Computer consultancy activities (NAF rev. 2, lev. Class, item 62.02)";"2021-02-26";"SO";"0";"FE";"2";"1"
2020-10-01;"2020-10";132.85;"A";"DEF";"A";"010543680";"M";"Indice de chiffre d'affaires - Conseil informatique (NAF rév. 2, niv. classe poste 62.02)";"Turnover index - Computer consultancy activities (NAF rev. 2, lev. Class, item 62.02)";"2021-02-26";"SO";"0";"FE";"2";"1"
2020-09-01;"2020-09";135.51;"A";"DEF";"A";"010543680";"M";"Indice de chiffre d'affaires - Conseil informatique (NAF rév. 2, niv. classe poste 62.02)";"Turnover index - Computer consultancy activities (NAF rev. 2, lev. Class, item 62.02)";"2021-02-26";"SO";"0";"FE";"2";"1"
2020-08-01;"2020-08";127.4;"A";"DEF";"A";"010543680";"M";"Indice de chiffre d'affaires - Conseil informatique (NAF rév. 2, niv. classe poste 62.02)";"Turnover index - Computer consultancy activities (NAF rev. 2, lev. Class, item 62.02)";"2021-02-26";"SO";"0";"FE";"2";NA
2020-07-01;"2020-07";129.15;"A";"DEF";"A";"010543680";"M";"Indice de chiffre d'affaires - Conseil informatique (NAF rév. 2, niv. classe poste 62.02)";"Turnover index - Computer consultancy activities (NAF rev. 2, lev. Class, item 62.02)";"2021-02-26";"SO";"0";"FE";"2";"1"
2020-06-01;"2020-06";138.03;"A";"DEF";"A";"010543680";"M";"Indice de chiffre d'affaires - Conseil informatique (NAF rév. 2, niv. classe poste 62.02)";"Turnover index - Computer consultancy activities (NAF rev. 2, lev. Class, item 62.02)";"2021-02-26";"SO";"0";"FE";"2";"1"
2020-05-01;"2020-05";128.74;"A";"DEF";"A";"010543680";"M";"Indice de chiffre d'affaires - Conseil informatique (NAF rév. 2, niv. classe poste 62.02)";"Turnover index - Computer consultancy activities (NAF rev. 2, lev. Class, item 62.02)";"2021-02-26";"SO";"0";"FE";"2";"1"
2020-04-01;"2020-04";130.16;"A";"DEF";"A";"010543680";"M";"Indice de chiffre d'affaires - Conseil informatique (NAF rév. 2, niv. classe poste 62.02)";"Turnover index - Computer consultancy activities (NAF rev. 2, lev. Class, item 62.02)";"2021-02-26";"SO";"0";"FE";"2";"1"
2020-03-01;"2020-03";139.1;"A";"DEF";"A";"010543680";"M";"Indice de chiffre d'affaires - Conseil informatique (NAF rév. 2, niv. classe poste 62.02)";"Turnover index - Computer consultancy activities (NAF rev. 2, lev. Class, item 62.02)";"2021-02-26";"SO";"0";"FE";"2";"1"
2020-02-01;"2020-02";136.13;"A";"DEF";"A";"010543680";"M";"Indice de chiffre d'affaires - Conseil informatique (NAF rév. 2, niv. classe poste 62.02)";"Turnover index - Computer consultancy activities (NAF rev. 2, lev. Class, item 62.02)";"2021-02-26";"SO";"0";"FE";"2";"1"
2020-01-01;"2020-01";137.81;"A";"DEF";"A";"010543680";"M";"Indice de chiffre d'affaires - Conseil informatique (NAF rév. 2, niv. classe poste 62.02)";"Turnover index - Computer consultancy activities (NAF rev. 2, lev. Class, item 62.02)";"2021-02-26";"SO";"0";"FE";"2";"1"
2019-12-01;"2019-12";137.42;"A";"DEF";"A";"010543680";"M";"Indice de chiffre d'affaires - Conseil informatique (NAF rév. 2, niv. classe poste 62.02)";"Turnover index - Computer consultancy activities (NAF rev. 2, lev. Class, item 62.02)";"2021-02-26";"SO";"0";"FE";"2";"1"
2019-11-01;"2019-11";134.85;"A";"DEF";"A";"010543680";"M";"Indice de chiffre d'affaires - Conseil informatique (NAF rév. 2, niv. classe poste 62.02)";"Turnover index - Computer consultancy activities (NAF rev. 2, lev. Class, item 62.02)";"2021-02-26";"SO";"0";"FE";"2";"1"
2019-10-01;"2019-10";135.62;"A";"DEF";"A";"010543680";"M";"Indice de chiffre d'affaires - Conseil informatique (NAF rév. 2, niv. classe poste 62.02)";"Turnover index - Computer consultancy activities (NAF rev. 2, lev. Class, item 62.02)";"2021-02-26";"SO";"0";"FE";"2";"1"
2019-09-01;"2019-09";139.38;"A";"DEF";"A";"010543680";"M";"Indice de chiffre d'affaires - Conseil informatique (NAF rév. 2, niv. classe poste 62.02)";"Turnover index - Computer consultancy activities (NAF rev. 2, lev. Class, item 62.02)";"2021-02-26";"SO";"0";"FE";"2";"1"
2019-08-01;"2019-08";137.42;"A";"DEF";"A";"010543680";"M";"Indice de chiffre d'affaires - Conseil informatique (NAF rév. 2, niv. classe poste 62.02)";"Turnover index - Computer consultancy activities (NAF rev. 2, lev. Class, item 62.02)";"2021-02-26";"SO";"0";"FE";"2";"1"
2019-07-01;"2019-07";133.16;"A";"DEF";"A";"010543680";"M";"Indice de chiffre d'affaires - Conseil informatique (NAF rév. 2, niv. classe poste 62.02)";"Turnover index - Computer consultancy activities (NAF rev. 2, lev. Class, item 62.02)";"2021-02-26";"SO";"0";"FE";"2";"1"
2019-06-01;"2019-06";130.81;"A";"DEF";"A";"010543680";"M";"Indice de chiffre d'affaires - Conseil informatique (NAF rév. 2, niv. classe poste 62.02)";"Turnover index - Computer consultancy activities (NAF rev. 2, lev. Class, item 62.02)";"2021-02-26";"SO";"0";"FE";"2";"1"
2019-05-01;"2019-05";133.03;"A";"DEF";"A";"010543680";"M";"Indice de chiffre d'affaires - Conseil informatique (NAF rév. 2, niv. classe poste 62.02)";"Turnover index - Computer consultancy activities (NAF rev. 2, lev. Class, item 62.02)";"2021-02-26";"SO";"0";"FE";"2";"1"
2019-04-01;"2019-04";133.77;"A";"DEF";"A";"010543680";"M";"Indice de chiffre d'affaires - Conseil informatique (NAF rév. 2, niv. classe poste 62.02)";"Turnover index - Computer consultancy activities (NAF rev. 2, lev. Class, item 62.02)";"2021-02-26";"SO";"0";"FE";"2";"1"
2019-03-01;"2019-03";131.79;"A";"DEF";"A";"010543680";"M";"Indice de chiffre d'affaires - Conseil informatique (NAF rév. 2, niv. classe poste 62.02)";"Turnover index - Computer consultancy activities (NAF rev. 2, lev. Class, item 62.02)";"2021-02-26";"SO";"0";"FE";"2";"1"
2019-02-01;"2019-02";128.39;"A";"DEF";"A";"010543680";"M";"Indice de chiffre d'affaires - Conseil informatique (NAF rév. 2, niv. classe poste 62.02)";"Turnover index - Computer consultancy activities (NAF rev. 2, lev. Class, item 62.02)";"2021-02-26";"SO";"0";"FE";"2";"1"
2019-01-01;"2019-01";129.68;"A";"DEF";"A";"010543680";"M";"Indice de chiffre d'affaires - Conseil informatique (NAF rév. 2, niv. classe poste 62.02)";"Turnover index - Computer consultancy activities (NAF rev. 2, lev. Class, item 62.02)";"2021-02-26";"SO";"0";"FE";"2";"1"
2018-12-01;"2018-12";131.03;"A";"DEF";"A";"010543680";"M";"Indice de chiffre d'affaires - Conseil informatique (NAF rév. 2, niv. classe poste 62.02)";"Turnover index - Computer consultancy activities (NAF rev. 2, lev. Class, item 62.02)";"2021-02-26";"SO";"0";"FE";"2";"1"
2018-11-01;"2018-11";130.76;"A";"DEF";"A";"010543680";"M";"Indice de chiffre d'affaires - Conseil informatique (NAF rév. 2, niv. classe poste 62.02)";"Turnover index - Computer consultancy activities (NAF rev. 2, lev. Class, item 62.02)";"2021-02-26";"SO";"0";"FE";"2";"1"
2018-10-01;"2018-10";133.32;"A";"DEF";"A";"010543680";"M";"Indice de chiffre d'affaires - Conseil informatique (NAF rév. 2, niv. classe poste 62.02)";"Turnover index - Computer consultancy activities (NAF rev. 2, lev. Class, item 62.02)";"2021-02-26";"SO";"0";"FE";"2";"1"
2018-09-01;"2018-09";126.61;"A";"DEF";"A";"010543680";"M";"Indice de chiffre d'affaires - Conseil informatique (NAF rév. 2, niv. classe poste 62.02)";"Turnover index - Computer consultancy activities (NAF rev. 2, lev. Class, item 62.02)";"2021-02-26";"SO";"0";"FE";"2";"1"
2018-08-01;"2018-08";125.48;"A";"DEF";"A";"010543680";"M";"Indice de chiffre d'affaires - Conseil informatique (NAF rév. 2, niv. classe poste 62.02)";"Turnover index - Computer consultancy activities (NAF rev. 2, lev. Class, item 62.02)";"2021-02-26";"SO";"0";"FE";"2";"1"
2018-07-01;"2018-07";126.74;"A";"DEF";"A";"010543680";"M";"Indice de chiffre d'affaires - Conseil informatique (NAF rév. 2, niv. classe poste 62.02)";"Turnover index - Computer consultancy activities (NAF rev. 2, lev. Class, item 62.02)";"2021-02-26";"SO";"0";"FE";"2";"1"
2018-06-01;"2018-06";123.73;"A";"DEF";"A";"010543680";"M";"Indice de chiffre d'affaires - Conseil informatique (NAF rév. 2, niv. classe poste 62.02)";"Turnover index - Computer consultancy activities (NAF rev. 2, lev. Class, item 62.02)";"2021-02-26";"SO";"0";"FE";"2";"1"
2018-05-01;"2018-05";123.62;"A";"DEF";"A";"010543680";"M";"Indice de chiffre d'affaires - Conseil informatique (NAF rév. 2, niv. classe poste 62.02)";"Turnover index - Computer consultancy activities (NAF rev. 2, lev. Class, item 62.02)";"2021-02-26";"SO";"0";"FE";"2";"1"
2018-04-01;"2018-04";121.84;"A";"DEF";"A";"010543680";"M";"Indice de chiffre d'affaires - Conseil informatique (NAF rév. 2, niv. classe poste 62.02)";"Turnover index - Computer consultancy activities (NAF rev. 2, lev. Class, item 62.02)";"2021-02-26";"SO";"0";"FE";"2";"1"
2018-03-01;"2018-03";121.31;"A";"DEF";"A";"010543680";"M";"Indice de chiffre d'affaires - Conseil informatique (NAF rév. 2, niv. classe poste 62.02)";"Turnover index - Computer consultancy activities (NAF rev. 2, lev. Class, item 62.02)";"2021-02-26";"SO";"0";"FE";"2";"1"
2018-02-01;"2018-02";121.52;"A";"DEF";"A";"010543680";"M";"Indice de chiffre d'affaires - Conseil informatique (NAF rév. 2, niv. classe poste 62.02)";"Turnover index - Computer consultancy activities (NAF rev. 2, lev. Class, item 62.02)";"2021-02-26";"SO";"0";"FE";"2";"1"
2018-01-01;"2018-01";120.98;"A";"DEF";"A";"010543680";"M";"Indice de chiffre d'affaires - Conseil informatique (NAF rév. 2, niv. classe poste 62.02)";"Turnover index - Computer consultancy activities (NAF rev. 2, lev. Class, item 62.02)";"2021-02-26";"SO";"0";"FE";"2";"1"
2017-12-01;"2017-12";119.13;"A";"DEF";"A";"010543680";"M";"Indice de chiffre d'affaires - Conseil informatique (NAF rév. 2, niv. classe poste 62.02)";"Turnover index - Computer consultancy activities (NAF rev. 2, lev. Class, item 62.02)";"2021-02-26";"SO";"0";"FE";"2";"1"
2017-11-01;"2017-11";117.81;"A";"DEF";"A";"010543680";"M";"Indice de chiffre d'affaires - Conseil informatique (NAF rév. 2, niv. classe poste 62.02)";"Turnover index - Computer consultancy activities (NAF rev. 2, lev. Class, item 62.02)";"2021-02-26";"SO";"0";"FE";"2";"1"
2017-10-01;"2017-10";116.13;"A";"DEF";"A";"010543680";"M";"Indice de chiffre d'affaires - Conseil informatique (NAF rév. 2, niv. classe poste 62.02)";"Turnover index - Computer consultancy activities (NAF rev. 2, lev. Class, item 62.02)";"2021-02-26";"SO";"0";"FE";"2";"1"
2017-09-01;"2017-09";116.03;"A";"DEF";"A";"010543680";"M";"Indice de chiffre d'affaires - Conseil informatique (NAF rév. 2, niv. classe poste 62.02)";"Turnover index - Computer consultancy activities (NAF rev. 2, lev. Class, item 62.02)";"2021-02-26";"SO";"0";"FE";"2";"1"
2017-08-01;"2017-08";114.36;"A";"DEF";"A";"010543680";"M";"Indice de chiffre d'affaires - Conseil informatique (NAF rév. 2, niv. classe poste 62.02)";"Turnover index - Computer consultancy activities (NAF rev. 2, lev. Class, item 62.02)";"2021-02-26";"SO";"0";"FE";"2";"1"
2017-07-01;"2017-07";123.34;"A";"DEF";"A";"010543680";"M";"Indice de chiffre d'affaires - Conseil informatique (NAF rév. 2, niv. classe poste 62.02)";"Turnover index - Computer consultancy activities (NAF rev. 2, lev. Class, item 62.02)";"2021-02-26";"SO";"0";"FE";"2";"1"
2017-06-01;"2017-06";114.1;"A";"DEF";"A";"010543680";"M";"Indice de chiffre d'affaires - Conseil informatique (NAF rév. 2, niv. classe poste 62.02)";"Turnover index - Computer consultancy activities (NAF rev. 2, lev. Class, item 62.02)";"2021-02-26";"SO";"0";"FE";"2";"1"
2017-05-01;"2017-05";118.14;"A";"DEF";"A";"010543680";"M";"Indice de chiffre d'affaires - Conseil informatique (NAF rév. 2, niv. classe poste 62.02)";"Turnover index - Computer consultancy activities (NAF rev. 2, lev. Class, item 62.02)";"2021-02-26";"SO";"0";"FE";"2";"1"
2017-04-01;"2017-04";107.82;"A";"DEF";"A";"010543680";"M";"Indice de chiffre d'affaires - Conseil informatique (NAF rév. 2, niv. classe poste 62.02)";"Turnover index - Computer consultancy activities (NAF rev. 2, lev. Class, item 62.02)";"2021-02-26";"SO";"0";"FE";"2";"1"
2017-03-01;"2017-03";119.85;"A";"DEF";"A";"010543680";"M";"Indice de chiffre d'affaires - Conseil informatique (NAF rév. 2, niv. classe poste 62.02)";"Turnover index - Computer consultancy activities (NAF rev. 2, lev. Class, item 62.02)";"2021-02-26";"SO";"0";"FE";"2";"1"
2017-02-01;"2017-02";111.88;"A";"DEF";"A";"010543680";"M";"Indice de chiffre d'affaires - Conseil informatique (NAF rév. 2, niv. classe poste 62.02)";"Turnover index - Computer consultancy activities (NAF rev. 2, lev. Class, item 62.02)";"2021-02-26";"SO";"0";"FE";"2";"1"
2017-01-01;"2017-01";108.93;"A";"DEF";"A";"010543680";"M";"Indice de chiffre d'affaires - Conseil informatique (NAF rév. 2, niv. classe poste 62.02)";"Turnover index - Computer consultancy activities (NAF rev. 2, lev. Class, item 62.02)";"2021-02-26";"SO";"0";"FE";"2";"1"
2016-12-01;"2016-12";108.07;"A";"DEF";"A";"010543680";"M";"Indice de chiffre d'affaires - Conseil informatique (NAF rév. 2, niv. classe poste 62.02)";"Turnover index - Computer consultancy activities (NAF rev. 2, lev. Class, item 62.02)";"2021-02-26";"SO";"0";"FE";"2";"1"
2016-11-01;"2016-11";109.19;"A";"DEF";"A";"010543680";"M";"Indice de chiffre d'affaires - Conseil informatique (NAF rév. 2, niv. classe poste 62.02)";"Turnover index - Computer consultancy activities (NAF rev. 2, lev. Class, item 62.02)";"2021-02-26";"SO";"0";"FE";"2";"1"
2016-10-01;"2016-10";107.29;"A";"DEF";"A";"010543680";"M";"Indice de chiffre d'affaires - Conseil informatique (NAF rév. 2, niv. classe poste 62.02)";"Turnover index - Computer consultancy activities (NAF rev. 2, lev. Class, item 62.02)";"2021-02-26";"SO";"0";"FE";"2";"1"
2016-09-01;"2016-09";107.15;"A";"DEF";"A";"010543680";"M";"Indice de chiffre d'affaires - Conseil informatique (NAF rév. 2, niv. classe poste 62.02)";"Turnover index - Computer consultancy activities (NAF rev. 2, lev. Class, item 62.02)";"2021-02-26";"SO";"0";"FE";"2";"1"
2016-08-01;"2016-08";107.25;"A";"DEF";"A";"010543680";"M";"Indice de chiffre d'affaires - Conseil informatique (NAF rév. 2, niv. classe poste 62.02)";"Turnover index - Computer consultancy activities (NAF rev. 2, lev. Class, item 62.02)";"2021-02-26";"SO";"0";"FE";"2";NA
2016-07-01;"2016-07";105.28;"A";"DEF";"A";"010543680";"M";"Indice de chiffre d'affaires - Conseil informatique (NAF rév. 2, niv. classe poste 62.02)";"Turnover index - Computer consultancy activities (NAF rev. 2, lev. Class, item 62.02)";"2021-02-26";"SO";"0";"FE";"2";"1"
2016-06-01;"2016-06";106.8;"A";"DEF";"A";"010543680";"M";"Indice de chiffre d'affaires - Conseil informatique (NAF rév. 2, niv. classe poste 62.02)";"Turnover index - Computer consultancy activities (NAF rev. 2, lev. Class, item 62.02)";"2021-02-26";"SO";"0";"FE";"2";"1"
2016-05-01;"2016-05";101.98;"A";"DEF";"A";"010543680";"M";"Indice de chiffre d'affaires - Conseil informatique (NAF rév. 2, niv. classe poste 62.02)";"Turnover index - Computer consultancy activities (NAF rev. 2, lev. Class, item 62.02)";"2021-02-26";"SO";"0";"FE";"2";"1"
2016-04-01;"2016-04";100.34;"A";"DEF";"A";"010543680";"M";"Indice de chiffre d'affaires - Conseil informatique (NAF rév. 2, niv. classe poste 62.02)";"Turnover index - Computer consultancy activities (NAF rev. 2, lev. Class, item 62.02)";"2021-02-26";"SO";"0";"FE";"2";"1"
2016-03-01;"2016-03";104.6;"A";"DEF";"A";"010543680";"M";"Indice de chiffre d'affaires - Conseil informatique (NAF rév. 2, niv. classe poste 62.02)";"Turnover index - Computer consultancy activities (NAF rev. 2, lev. Class, item 62.02)";"2021-02-26";"SO";"0";"FE";"2";"1"
2016-02-01;"2016-02";113.31;"A";"DEF";"A";"010543680";"M";"Indice de chiffre d'affaires - Conseil informatique (NAF rév. 2, niv. classe poste 62.02)";"Turnover index - Computer consultancy activities (NAF rev. 2, lev. Class, item 62.02)";"2021-02-26";"SO";"0";"FE";"2";NA
2016-01-01;"2016-01";104.29;"A";"DEF";"A";"010543680";"M";"Indice de chiffre d'affaires - Conseil informatique (NAF rév. 2, niv. classe poste 62.02)";"Turnover index - Computer consultancy activities (NAF rev. 2, lev. Class, item 62.02)";"2021-02-26";"SO";"0";"FE";"2";"1"
2015-12-01;"2015-12";102.72;"A";"DEF";"A";"010543680";"M";"Indice de chiffre d'affaires - Conseil informatique (NAF rév. 2, niv. classe poste 62.02)";"Turnover index - Computer consultancy activities (NAF rev. 2, lev. Class, item 62.02)";"2021-02-26";"SO";"0";"FE";"2";"1"
2015-11-01;"2015-11";103.03;"A";"DEF";"A";"010543680";"M";"Indice de chiffre d'affaires - Conseil informatique (NAF rév. 2, niv. classe poste 62.02)";"Turnover index - Computer consultancy activities (NAF rev. 2, lev. Class, item 62.02)";"2021-02-26";"SO";"0";"FE";"2";"1"
2015-10-01;"2015-10";100.6;"A";"DEF";"A";"010543680";"M";"Indice de chiffre d'affaires - Conseil informatique (NAF rév. 2, niv. classe poste 62.02)";"Turnover index - Computer consultancy activities (NAF rev. 2, lev. Class, item 62.02)";"2021-02-26";"SO";"0";"FE";"2";"1"
2015-09-01;"2015-09";101.5;"A";"DEF";"A";"010543680";"M";"Indice de chiffre d'affaires - Conseil informatique (NAF rév. 2, niv. classe poste 62.02)";"Turnover index - Computer consultancy activities (NAF rev. 2, lev. Class, item 62.02)";"2021-02-26";"SO";"0";"FE";"2";"1"
2015-08-01;"2015-08";100.7;"A";"DEF";"A";"010543680";"M";"Indice de chiffre d'affaires - Conseil informatique (NAF rév. 2, niv. classe poste 62.02)";"Turnover index - Computer consultancy activities (NAF rev. 2, lev. Class, item 62.02)";"2021-02-26";"SO";"0";"FE";"2";"1"
2015-07-01;"2015-07";101.15;"A";"DEF";"A";"010543680";"M";"Indice de chiffre d'affaires - Conseil informatique (NAF rév. 2, niv. classe poste 62.02)";"Turnover index - Computer consultancy activities (NAF rev. 2, lev. Class, item 62.02)";"2021-02-26";"SO";"0";"FE";"2";"1"
2015-06-01;"2015-06";101.62;"A";"DEF";"A";"010543680";"M";"Indice de chiffre d'affaires - Conseil informatique (NAF rév. 2, niv. classe poste 62.02)";"Turnover index - Computer consultancy activities (NAF rev. 2, lev. Class, item 62.02)";"2021-02-26";"SO";"0";"FE";"2";NA
2015-05-01;"2015-05";93.09;"A";"DEF";"A";"010543680";"M";"Indice de chiffre d'affaires - Conseil informatique (NAF rév. 2, niv. classe poste 62.02)";"Turnover index - Computer consultancy activities (NAF rev. 2, lev. Class, item 62.02)";"2021-02-26";"SO";"0";"FE";"2";"1"
2015-04-01;"2015-04";99.68;"A";"DEF";"A";"010543680";"M";"Indice de chiffre d'affaires - Conseil informatique (NAF rév. 2, niv. classe poste 62.02)";"Turnover index - Computer consultancy activities (NAF rev. 2, lev. Class, item 62.02)";"2021-02-26";"SO";"0";"FE";"2";"1"
2015-03-01;"2015-03";98.34;"A";"DEF";"A";"010543680";"M";"Indice de chiffre d'affaires - Conseil informatique (NAF rév. 2, niv. classe poste 62.02)";"Turnover index - Computer consultancy activities (NAF rev. 2, lev. Class, item 62.02)";"2021-02-26";"SO";"0";"FE";"2";"1"
2015-02-01;"2015-02";100.14;"A";"DEF";"A";"010543680";"M";"Indice de chiffre d'affaires - Conseil informatique (NAF rév. 2, niv. classe poste 62.02)";"Turnover index - Computer consultancy activities (NAF rev. 2, lev. Class, item 62.02)";"2021-02-26";"SO";"0";"FE";"2";"1"
2015-01-01;"2015-01";97.43;"A";"DEF";"A";"010543680";"M";"Indice de chiffre d'affaires - Conseil informatique (NAF rév. 2, niv. classe poste 62.02)";"Turnover index - Computer consultancy activities (NAF rev. 2, lev. Class, item 62.02)";"2021-02-26";"SO";"0";"FE";"2";"1"
2014-12-01;"2014-12";96.77;"A";"DEF";"A";"010543680";"M";"Indice de chiffre d'affaires - Conseil informatique (NAF rév. 2, niv. classe poste 62.02)";"Turnover index - Computer consultancy activities (NAF rev. 2, lev. Class, item 62.02)";"2021-02-26";"SO";"0";"FE";"2";"1"
2014-11-01;"2014-11";93.45;"A";"DEF";"A";"010543680";"M";"Indice de chiffre d'affaires - Conseil informatique (NAF rév. 2, niv. classe poste 62.02)";"Turnover index - Computer consultancy activities (NAF rev. 2, lev. Class, item 62.02)";"2021-02-26";"SO";"0";"FE";"2";"1"
2014-10-01;"2014-10";96.63;"A";"DEF";"A";"010543680";"M";"Indice de chiffre d'affaires - Conseil informatique (NAF rév. 2, niv. classe poste 62.02)";"Turnover index - Computer consultancy activities (NAF rev. 2, lev. Class, item 62.02)";"2021-02-26";"SO";"0";"FE";"2";"1"
2014-09-01;"2014-09";99.36;"A";"DEF";"A";"010543680";"M";"Indice de chiffre d'affaires - Conseil informatique (NAF rév. 2, niv. classe poste 62.02)";"Turnover index - Computer consultancy activities (NAF rev. 2, lev. Class, item 62.02)";"2021-02-26";"SO";"0";"FE";"2";"1"
2014-08-01;"2014-08";95.53;"A";"DEF";"A";"010543680";"M";"Indice de chiffre d'affaires - Conseil informatique (NAF rév. 2, niv. classe poste 62.02)";"Turnover index - Computer consultancy activities (NAF rev. 2, lev. Class, item 62.02)";"2021-02-26";"SO";"0";"FE";"2";"1"
2014-07-01;"2014-07";94.87;"A";"DEF";"A";"010543680";"M";"Indice de chiffre d'affaires - Conseil informatique (NAF rév. 2, niv. classe poste 62.02)";"Turnover index - Computer consultancy activities (NAF rev. 2, lev. Class, item 62.02)";"2021-02-26";"SO";"0";"FE";"2";"1"
2014-06-01;"2014-06";95.41;"A";"DEF";"A";"010543680";"M";"Indice de chiffre d'affaires - Conseil informatique (NAF rév. 2, niv. classe poste 62.02)";"Turnover index - Computer consultancy activities (NAF rev. 2, lev. Class, item 62.02)";"2021-02-26";"SO";"0";"FE";"2";"1"
2014-05-01;"2014-05";88.42;"A";"DEF";"A";"010543680";"M";"Indice de chiffre d'affaires - Conseil informatique (NAF rév. 2, niv. classe poste 62.02)";"Turnover index - Computer consultancy activities (NAF rev. 2, lev. Class, item 62.02)";"2021-02-26";"SO";"0";"FE";"2";"1"
2014-04-01;"2014-04";92.48;"A";"DEF";"A";"010543680";"M";"Indice de chiffre d'affaires - Conseil informatique (NAF rév. 2, niv. classe poste 62.02)";"Turnover index - Computer consultancy activities (NAF rev. 2, lev. Class, item 62.02)";"2021-02-26";"SO";"0";"FE";"2";"1"
2014-03-01;"2014-03";95.32;"A";"DEF";"A";"010543680";"M";"Indice de chiffre d'affaires - Conseil informatique (NAF rév. 2, niv. classe poste 62.02)";"Turnover index - Computer consultancy activities (NAF rev. 2, lev. Class, item 62.02)";"2021-02-26";"SO";"0";"FE";"2";"1"
2014-02-01;"2014-02";94.23;"A";"DEF";"A";"010543680";"M";"Indice de chiffre d'affaires - Conseil informatique (NAF rév. 2, niv. classe poste 62.02)";"Turnover index - Computer consultancy activities (NAF rev. 2, lev. Class, item 62.02)";"2021-02-26";"SO";"0";"FE";"2";"1"
2014-01-01;"2014-01";95.46;"A";"DEF";"A";"010543680";"M";"Indice de chiffre d'affaires - Conseil informatique (NAF rév. 2, niv. classe poste 62.02)";"Turnover index - Computer consultancy activities (NAF rev. 2, lev. Class, item 62.02)";"2021-02-26";"SO";"0";"FE";"2";"1"
2013-12-01;"2013-12";94.79;"A";"DEF";"A";"010543680";"M";"Indice de chiffre d'affaires - Conseil informatique (NAF rév. 2, niv. classe poste 62.02)";"Turnover index - Computer consultancy activities (NAF rev. 2, lev. Class, item 62.02)";"2021-02-26";"SO";"0";"FE";"2";"1"
2013-11-01;"2013-11";95.5;"A";"DEF";"A";"010543680";"M";"Indice de chiffre d'affaires - Conseil informatique (NAF rév. 2, niv. classe poste 62.02)";"Turnover index - Computer consultancy activities (NAF rev. 2, lev. Class, item 62.02)";"2021-02-26";"SO";"0";"FE";"2";"1"
2013-10-01;"2013-10";94.91;"A";"DEF";"A";"010543680";"M";"Indice de chiffre d'affaires - Conseil informatique (NAF rév. 2, niv. classe poste 62.02)";"Turnover index - Computer consultancy activities (NAF rev. 2, lev. Class, item 62.02)";"2021-02-26";"SO";"0";"FE";"2";"1"
2013-09-01;"2013-09";91.42;"A";"DEF";"A";"010543680";"M";"Indice de chiffre d'affaires - Conseil informatique (NAF rév. 2, niv. classe poste 62.02)";"Turnover index - Computer consultancy activities (NAF rev. 2, lev. Class, item 62.02)";"2021-02-26";"SO";"0";"FE";"2";"1"
2013-08-01;"2013-08";93.85;"A";"DEF";"A";"010543680";"M";"Indice de chiffre d'affaires - Conseil informatique (NAF rév. 2, niv. classe poste 62.02)";"Turnover index - Computer consultancy activities (NAF rev. 2, lev. Class, item 62.02)";"2021-02-26";"SO";"0";"FE";"2";"1"
2013-07-01;"2013-07";91.03;"A";"DEF";"A";"010543680";"M";"Indice de chiffre d'affaires - Conseil informatique (NAF rév. 2, niv. classe poste 62.02)";"Turnover index - Computer consultancy activities (NAF rev. 2, lev. Class, item 62.02)";"2021-02-26";"SO";"0";"FE";"2";"1"
2013-06-01;"2013-06";90.66;"A";"DEF";"A";"010543680";"M";"Indice de chiffre d'affaires - Conseil informatique (NAF rév. 2, niv. classe poste 62.02)";"Turnover index - Computer consultancy activities (NAF rev. 2, lev. Class, item 62.02)";"2021-02-26";"SO";"0";"FE";"2";"1"
2013-05-01;"2013-05";91.86;"A";"DEF";"A";"010543680";"M";"Indice de chiffre d'affaires - Conseil informatique (NAF rév. 2, niv. classe poste 62.02)";"Turnover index - Computer consultancy activities (NAF rev. 2, lev. Class, item 62.02)";"2021-02-26";"SO";"0";"FE";"2";"1"
2013-04-01;"2013-04";95.29;"A";"DEF";"A";"010543680";"M";"Indice de chiffre d'affaires - Conseil informatique (NAF rév. 2, niv. classe poste 62.02)";"Turnover index - Computer consultancy activities (NAF rev. 2, lev. Class, item 62.02)";"2021-02-26";"SO";"0";"FE";"2";"1"
2013-03-01;"2013-03";90.57;"A";"DEF";"A";"010543680";"M";"Indice de chiffre d'affaires - Conseil informatique (NAF rév. 2, niv. classe poste 62.02)";"Turnover index - Computer consultancy activities (NAF rev. 2, lev. Class, item 62.02)";"2021-02-26";"SO";"0";"FE";"2";"1"
2013-02-01;"2013-02";93.31;"A";"DEF";"A";"010543680";"M";"Indice de chiffre d'affaires - Conseil informatique (NAF rév. 2, niv. classe poste 62.02)";"Turnover index - Computer consultancy activities (NAF rev. 2, lev. Class, item 62.02)";"2021-02-26";"SO";"0";"FE";"2";"1"
2013-01-01;"2013-01";93.87;"A";"DEF";"A";"010543680";"M";"Indice de chiffre d'affaires - Conseil informatique (NAF rév. 2, niv. classe poste 62.02)";"Turnover index - Computer consultancy activities (NAF rev. 2, lev. Class, item 62.02)";"2021-02-26";"SO";"0";"FE";"2";"1"
2012-12-01;"2012-12";95.66;"A";"DEF";"A";"010543680";"M";"Indice de chiffre d'affaires - Conseil informatique (NAF rév. 2, niv. classe poste 62.02)";"Turnover index - Computer consultancy activities (NAF rev. 2, lev. Class, item 62.02)";"2021-02-26";"SO";"0";"FE";"2";"1"
2012-11-01;"2012-11";93.4;"A";"DEF";"A";"010543680";"M";"Indice de chiffre d'affaires - Conseil informatique (NAF rév. 2, niv. classe poste 62.02)";"Turnover index - Computer consultancy activities (NAF rev. 2, lev. Class, item 62.02)";"2021-02-26";"SO";"0";"FE";"2";"1"
2012-10-01;"2012-10";93.67;"A";"DEF";"A";"010543680";"M";"Indice de chiffre d'affaires - Conseil informatique (NAF rév. 2, niv. classe poste 62.02)";"Turnover index - Computer consultancy activities (NAF rev. 2, lev. Class, item 62.02)";"2021-02-26";"SO";"0";"FE";"2";"1"
2012-09-01;"2012-09";93.83;"A";"DEF";"A";"010543680";"M";"Indice de chiffre d'affaires - Conseil informatique (NAF rév. 2, niv. classe poste 62.02)";"Turnover index - Computer consultancy activities (NAF rev. 2, lev. Class, item 62.02)";"2021-02-26";"SO";"0";"FE";"2";"1"
2012-08-01;"2012-08";91.99;"A";"DEF";"A";"010543680";"M";"Indice de chiffre d'affaires - Conseil informatique (NAF rév. 2, niv. classe poste 62.02)";"Turnover index - Computer consultancy activities (NAF rev. 2, lev. Class, item 62.02)";"2021-02-26";"SO";"0";"FE";"2";"1"
2012-07-01;"2012-07";92.74;"A";"DEF";"A";"010543680";"M";"Indice de chiffre d'affaires - Conseil informatique (NAF rév. 2, niv. classe poste 62.02)";"Turnover index - Computer consultancy activities (NAF rev. 2, lev. Class, item 62.02)";"2021-02-26";"SO";"0";"FE";"2";"1"
2012-06-01;"2012-06";88.14;"A";"DEF";"A";"010543680";"M";"Indice de chiffre d'affaires - Conseil informatique (NAF rév. 2, niv. classe poste 62.02)";"Turnover index - Computer consultancy activities (NAF rev. 2, lev. Class, item 62.02)";"2021-02-26";"SO";"0";"FE";"2";"1"
2012-05-01;"2012-05";91.48;"A";"DEF";"A";"010543680";"M";"Indice de chiffre d'affaires - Conseil informatique (NAF rév. 2, niv. classe poste 62.02)";"Turnover index - Computer consultancy activities (NAF rev. 2, lev. Class, item 62.02)";"2021-02-26";"SO";"0";"FE";"2";"1"
2012-04-01;"2012-04";90.36;"A";"DEF";"A";"010543680";"M";"Indice de chiffre d'affaires - Conseil informatique (NAF rév. 2, niv. classe poste 62.02)";"Turnover index - Computer consultancy activities (NAF rev. 2, lev. Class, item 62.02)";"2021-02-26";"SO";"0";"FE";"2";"1"
2012-03-01;"2012-03";90.08;"A";"DEF";"A";"010543680";"M";"Indice de chiffre d'affaires - Conseil informatique (NAF rév. 2, niv. classe poste 62.02)";"Turnover index - Computer consultancy activities (NAF rev. 2, lev. Class, item 62.02)";"2021-02-26";"SO";"0";"FE";"2";"1"
2012-02-01;"2012-02";90.69;"A";"DEF";"A";"010543680";"M";"Indice de chiffre d'affaires - Conseil informatique (NAF rév. 2, niv. classe poste 62.02)";"Turnover index - Computer consultancy activities (NAF rev. 2, lev. Class, item 62.02)";"2021-02-26";"SO";"0";"FE";"2";"1"
2012-01-01;"2012-01";91.22;"A";"DEF";"A";"010543680";"M";"Indice de chiffre d'affaires - Conseil informatique (NAF rév. 2, niv. classe poste 62.02)";"Turnover index - Computer consultancy activities (NAF rev. 2, lev. Class, item 62.02)";"2021-02-26";"SO";"0";"FE";"2";"1"
2011-12-01;"2011-12";91.29;"A";"DEF";"A";"010543680";"M";"Indice de chiffre d'affaires - Conseil informatique (NAF rév. 2, niv. classe poste 62.02)";"Turnover index - Computer consultancy activities (NAF rev. 2, lev. Class, item 62.02)";"2021-02-26";"SO";"0";"FE";"2";NA
2011-11-01;"2011-11";89.26;"A";"DEF";"A";"010543680";"M";"Indice de chiffre d'affaires - Conseil informatique (NAF rév. 2, niv. classe poste 62.02)";"Turnover index - Computer consultancy activities (NAF rev. 2, lev. Class, item 62.02)";"2021-02-26";"SO";"0";"FE";"2";NA
2011-10-01;"2011-10";89.21;"A";"DEF";"A";"010543680";"M";"Indice de chiffre d'affaires - Conseil informatique (NAF rév. 2, niv. classe poste 62.02)";"Turnover index - Computer consultancy activities (NAF rev. 2, lev. Class, item 62.02)";"2021-02-26";"SO";"0";"FE";"2";NA
2011-09-01;"2011-09";89.52;"A";"DEF";"A";"010543680";"M";"Indice de chiffre d'affaires - Conseil informatique (NAF rév. 2, niv. classe poste 62.02)";"Turnover index - Computer consultancy activities (NAF rev. 2, lev. Class, item 62.02)";"2021-02-26";"SO";"0";"FE";"2";NA
2011-08-01;"2011-08";88.81;"A";"DEF";"A";"010543680";"M";"Indice de chiffre d'affaires - Conseil informatique (NAF rév. 2, niv. classe poste 62.02)";"Turnover index - Computer consultancy activities (NAF rev. 2, lev. Class, item 62.02)";"2021-02-26";"SO";"0";"FE";"2";NA
2011-07-01;"2011-07";93.31;"A";"DEF";"A";"010543680";"M";"Indice de chiffre d'affaires - Conseil informatique (NAF rév. 2, niv. classe poste 62.02)";"Turnover index - Computer consultancy activities (NAF rev. 2, lev. Class, item 62.02)";"2021-02-26";"SO";"0";"FE";"2";NA
2011-06-01;"2011-06";89.21;"A";"DEF";"A";"010543680";"M";"Indice de chiffre d'affaires - Conseil informatique (NAF rév. 2, niv. classe poste 62.02)";"Turnover index - Computer consultancy activities (NAF rev. 2, lev. Class, item 62.02)";"2021-02-26";"SO";"0";"FE";"2";NA
2011-05-01;"2011-05";86.78;"A";"DEF";"A";"010543680";"M";"Indice de chiffre d'affaires - Conseil informatique (NAF rév. 2, niv. classe poste 62.02)";"Turnover index - Computer consultancy activities (NAF rev. 2, lev. Class, item 62.02)";"2021-02-26";"SO";"0";"FE";"2";NA
2011-04-01;"2011-04";85.12;"A";"DEF";"A";"010543680";"M";"Indice de chiffre d'affaires - Conseil informatique (NAF rév. 2, niv. classe poste 62.02)";"Turnover index - Computer consultancy activities (NAF rev. 2, lev. Class, item 62.02)";"2021-02-26";"SO";"0";"FE";"2";NA
2011-03-01;"2011-03";88.15;"A";"DEF";"A";"010543680";"M";"Indice de chiffre d'affaires - Conseil informatique (NAF rév. 2, niv. classe poste 62.02)";"Turnover index - Computer consultancy activities (NAF rev. 2, lev. Class, item 62.02)";"2021-02-26";"SO";"0";"FE";"2";NA
2011-02-01;"2011-02";90.93;"A";"DEF";"A";"010543680";"M";"Indice de chiffre d'affaires - Conseil informatique (NAF rév. 2, niv. classe poste 62.02)";"Turnover index - Computer consultancy activities (NAF rev. 2, lev. Class, item 62.02)";"2021-02-26";"SO";"0";"FE";"2";NA
2011-01-01;"2011-01";86.9;"A";"DEF";"A";"010543680";"M";"Indice de chiffre d'affaires - Conseil informatique (NAF rév. 2, niv. classe poste 62.02)";"Turnover index - Computer consultancy activities (NAF rev. 2, lev. Class, item 62.02)";"2021-02-26";"SO";"0";"FE";"2";NA
2010-12-01;"2010-12";84.13;"A";"DEF";"A";"010543680";"M";"Indice de chiffre d'affaires - Conseil informatique (NAF rév. 2, niv. classe poste 62.02)";"Turnover index - Computer consultancy activities (NAF rev. 2, lev. Class, item 62.02)";"2021-02-26";"SO";"0";"FE";"2";NA
2010-11-01;"2010-11";89.71;"A";"DEF";"A";"010543680";"M";"Indice de chiffre d'affaires - Conseil informatique (NAF rév. 2, niv. classe poste 62.02)";"Turnover index - Computer consultancy activities (NAF rev. 2, lev. Class, item 62.02)";"2021-02-26";"SO";"0";"FE";"2";NA
2010-10-01;"2010-10";83.87;"A";"DEF";"A";"010543680";"M";"Indice de chiffre d'affaires - Conseil informatique (NAF rév. 2, niv. classe poste 62.02)";"Turnover index - Computer consultancy activities (NAF rev. 2, lev. Class, item 62.02)";"2021-02-26";"SO";"0";"FE";"2";NA
2010-09-01;"2010-09";84.15;"A";"DEF";"A";"010543680";"M";"Indice de chiffre d'affaires - Conseil informatique (NAF rév. 2, niv. classe poste 62.02)";"Turnover index - Computer consultancy activities (NAF rev. 2, lev. Class, item 62.02)";"2021-02-26";"SO";"0";"FE";"2";NA
2010-08-01;"2010-08";82.94;"A";"DEF";"A";"010543680";"M";"Indice de chiffre d'affaires - Conseil informatique (NAF rév. 2, niv. classe poste 62.02)";"Turnover index - Computer consultancy activities (NAF rev. 2, lev. Class, item 62.02)";"2021-02-26";"SO";"0";"FE";"2";NA
2010-07-01;"2010-07";83.54;"A";"DEF";"A";"010543680";"M";"Indice de chiffre d'affaires - Conseil informatique (NAF rév. 2, niv. classe poste 62.02)";"Turnover index - Computer consultancy activities (NAF rev. 2, lev. Class, item 62.02)";"2021-02-26";"SO";"0";"FE";"2";NA
2010-06-01;"2010-06";83.94;"A";"DEF";"A";"010543680";"M";"Indice de chiffre d'affaires - Conseil informatique (NAF rév. 2, niv. classe poste 62.02)";"Turnover index - Computer consultancy activities (NAF rev. 2, lev. Class, item 62.02)";"2021-02-26";"SO";"0";"FE";"2";NA
2010-05-01;"2010-05";84.34;"A";"DEF";"A";"010543680";"M";"Indice de chiffre d'affaires - Conseil informatique (NAF rév. 2, niv. classe poste 62.02)";"Turnover index - Computer consultancy activities (NAF rev. 2, lev. Class, item 62.02)";"2021-02-26";"SO";"0";"FE";"2";NA
2010-04-01;"2010-04";82.21;"A";"DEF";"A";"010543680";"M";"Indice de chiffre d'affaires - Conseil informatique (NAF rév. 2, niv. classe poste 62.02)";"Turnover index - Computer consultancy activities (NAF rev. 2, lev. Class, item 62.02)";"2021-02-26";"SO";"0";"FE";"2";NA
2010-03-01;"2010-03";80.79;"A";"DEF";"A";"010543680";"M";"Indice de chiffre d'affaires - Conseil informatique (NAF rév. 2, niv. classe poste 62.02)";"Turnover index - Computer consultancy activities (NAF rev. 2, lev. Class, item 62.02)";"2021-02-26";"SO";"0";"FE";"2";NA
2010-02-01;"2010-02";82.66;"A";"DEF";"A";"010543680";"M";"Indice de chiffre d'affaires - Conseil informatique (NAF rév. 2, niv. classe poste 62.02)";"Turnover index - Computer consultancy activities (NAF rev. 2, lev. Class, item 62.02)";"2021-02-26";"SO";"0";"FE";"2";NA
2010-01-01;"2010-01";80.95;"A";"DEF";"A";"010543680";"M";"Indice de chiffre d'affaires - Conseil informatique (NAF rév. 2, niv. classe poste 62.02)";"Turnover index - Computer consultancy activities (NAF rev. 2, lev. Class, item 62.02)";"2021-02-26";"SO";"0";"FE";"2";NA
2009-12-01;"2009-12";75.96;"A";"DEF";"A";"010543680";"M";"Indice de chiffre d'affaires - Conseil informatique (NAF rév. 2, niv. classe poste 62.02)";"Turnover index - Computer consultancy activities (NAF rev. 2, lev. Class, item 62.02)";"2021-02-26";"SO";"0";"FE";"2";NA
2009-11-01;"2009-11";81.38;"A";"DEF";"A";"010543680";"M";"Indice de chiffre d'affaires - Conseil informatique (NAF rév. 2, niv. classe poste 62.02)";"Turnover index - Computer consultancy activities (NAF rev. 2, lev. Class, item 62.02)";"2021-02-26";"SO";"0";"FE";"2";NA
2009-10-01;"2009-10";80.07;"A";"DEF";"A";"010543680";"M";"Indice de chiffre d'affaires - Conseil informatique (NAF rév. 2, niv. classe poste 62.02)";"Turnover index - Computer consultancy activities (NAF rev. 2, lev. Class, item 62.02)";"2021-02-26";"SO";"0";"FE";"2";NA
2009-09-01;"2009-09";80.43;"A";"DEF";"A";"010543680";"M";"Indice de chiffre d'affaires - Conseil informatique (NAF rév. 2, niv. classe poste 62.02)";"Turnover index - Computer consultancy activities (NAF rev. 2, lev. Class, item 62.02)";"2021-02-26";"SO";"0";"FE";"2";NA
2009-08-01;"2009-08";77.91;"A";"DEF";"A";"010543680";"M";"Indice de chiffre d'affaires - Conseil informatique (NAF rév. 2, niv. classe poste 62.02)";"Turnover index - Computer consultancy activities (NAF rev. 2, lev. Class, item 62.02)";"2021-02-26";"SO";"0";"FE";"2";NA
2009-07-01;"2009-07";77.15;"A";"DEF";"A";"010543680";"M";"Indice de chiffre d'affaires - Conseil informatique (NAF rév. 2, niv. classe poste 62.02)";"Turnover index - Computer consultancy activities (NAF rev. 2, lev. Class, item 62.02)";"2021-02-26";"SO";"0";"FE";"2";NA
2009-06-01;"2009-06";80.86;"A";"DEF";"A";"010543680";"M";"Indice de chiffre d'affaires - Conseil informatique (NAF rév. 2, niv. classe poste 62.02)";"Turnover index - Computer consultancy activities (NAF rev. 2, lev. Class, item 62.02)";"2021-02-26";"SO";"0";"FE";"2";NA
2009-05-01;"2009-05";79.39;"A";"DEF";"A";"010543680";"M";"Indice de chiffre d'affaires - Conseil informatique (NAF rév. 2, niv. classe poste 62.02)";"Turnover index - Computer consultancy activities (NAF rev. 2, lev. Class, item 62.02)";"2021-02-26";"SO";"0";"FE";"2";NA
2009-04-01;"2009-04";79.33;"A";"DEF";"A";"010543680";"M";"Indice de chiffre d'affaires - Conseil informatique (NAF rév. 2, niv. classe poste 62.02)";"Turnover index - Computer consultancy activities (NAF rev. 2, lev. Class, item 62.02)";"2021-02-26";"SO";"0";"FE";"2";NA
2009-03-01;"2009-03";81.26;"A";"DEF";"A";"010543680";"M";"Indice de chiffre d'affaires - Conseil informatique (NAF rév. 2, niv. classe poste 62.02)";"Turnover index - Computer consultancy activities (NAF rev. 2, lev. Class, item 62.02)";"2021-02-26";"SO";"0";"FE";"2";NA
2009-02-01;"2009-02";77.58;"A";"DEF";"A";"010543680";"M";"Indice de chiffre d'affaires - Conseil informatique (NAF rév. 2, niv. classe poste 62.02)";"Turnover index - Computer consultancy activities (NAF rev. 2, lev. Class, item 62.02)";"2021-02-26";"SO";"0";"FE";"2";NA
2009-01-01;"2009-01";78.21;"A";"DEF";"A";"010543680";"M";"Indice de chiffre d'affaires - Conseil informatique (NAF rév. 2, niv. classe poste 62.02)";"Turnover index - Computer consultancy activities (NAF rev. 2, lev. Class, item 62.02)";"2021-02-26";"SO";"0";"FE";"2";NA
2008-12-01;"2008-12";78.77;"A";"DEF";"A";"010543680";"M";"Indice de chiffre d'affaires - Conseil informatique (NAF rév. 2, niv. classe poste 62.02)";"Turnover index - Computer consultancy activities (NAF rev. 2, lev. Class, item 62.02)";"2021-02-26";"SO";"0";"FE";"2";NA
2008-11-01;"2008-11";77.53;"A";"DEF";"A";"010543680";"M";"Indice de chiffre d'affaires - Conseil informatique (NAF rév. 2, niv. classe poste 62.02)";"Turnover index - Computer consultancy activities (NAF rev. 2, lev. Class, item 62.02)";"2021-02-26";"SO";"0";"FE";"2";NA
2008-10-01;"2008-10";78.84;"A";"DEF";"A";"010543680";"M";"Indice de chiffre d'affaires - Conseil informatique (NAF rév. 2, niv. classe poste 62.02)";"Turnover index - Computer consultancy activities (NAF rev. 2, lev. Class, item 62.02)";"2021-02-26";"SO";"0";"FE";"2";NA
2008-09-01;"2008-09";77.65;"A";"DEF";"A";"010543680";"M";"Indice de chiffre d'affaires - Conseil informatique (NAF rév. 2, niv. classe poste 62.02)";"Turnover index - Computer consultancy activities (NAF rev. 2, lev. Class, item 62.02)";"2021-02-26";"SO";"0";"FE";"2";NA
2008-08-01;"2008-08";79.27;"A";"DEF";"A";"010543680";"M";"Indice de chiffre d'affaires - Conseil informatique (NAF rév. 2, niv. classe poste 62.02)";"Turnover index - Computer consultancy activities (NAF rev. 2, lev. Class, item 62.02)";"2021-02-26";"SO";"0";"FE";"2";NA
2008-07-01;"2008-07";78.67;"A";"DEF";"A";"010543680";"M";"Indice de chiffre d'affaires - Conseil informatique (NAF rév. 2, niv. classe poste 62.02)";"Turnover index - Computer consultancy activities (NAF rev. 2, lev. Class, item 62.02)";"2021-02-26";"SO";"0";"FE";"2";NA
2008-06-01;"2008-06";76.25;"A";"DEF";"A";"010543680";"M";"Indice de chiffre d'affaires - Conseil informatique (NAF rév. 2, niv. classe poste 62.02)";"Turnover index - Computer consultancy activities (NAF rev. 2, lev. Class, item 62.02)";"2021-02-26";"SO";"0";"FE";"2";NA
2008-05-01;"2008-05";76.2;"A";"DEF";"A";"010543680";"M";"Indice de chiffre d'affaires - Conseil informatique (NAF rév. 2, niv. classe poste 62.02)";"Turnover index - Computer consultancy activities (NAF rev. 2, lev. Class, item 62.02)";"2021-02-26";"SO";"0";"FE";"2";NA
2008-04-01;"2008-04";77.28;"A";"DEF";"A";"010543680";"M";"Indice de chiffre d'affaires - Conseil informatique (NAF rév. 2, niv. classe poste 62.02)";"Turnover index - Computer consultancy activities (NAF rev. 2, lev. Class, item 62.02)";"2021-02-26";"SO";"0";"FE";"2";NA
2008-03-01;"2008-03";75.68;"A";"DEF";"A";"010543680";"M";"Indice de chiffre d'affaires - Conseil informatique (NAF rév. 2, niv. classe poste 62.02)";"Turnover index - Computer consultancy activities (NAF rev. 2, lev. Class, item 62.02)";"2021-02-26";"SO";"0";"FE";"2";NA
2008-02-01;"2008-02";72.84;"A";"DEF";"A";"010543680";"M";"Indice de chiffre d'affaires - Conseil informatique (NAF rév. 2, niv. classe poste 62.02)";"Turnover index - Computer consultancy activities (NAF rev. 2, lev. Class, item 62.02)";"2021-02-26";"SO";"0";"FE";"2";NA
2008-01-01;"2008-01";75.94;"A";"DEF";"A";"010543680";"M";"Indice de chiffre d'affaires - Conseil informatique (NAF rév. 2, niv. classe poste 62.02)";"Turnover index - Computer consultancy activities (NAF rev. 2, lev. Class, item 62.02)";"2021-02-26";"SO";"0";"FE";"2";NA
2007-12-01;"2007-12";74.69;"A";"DEF";"A";"010543680";"M";"Indice de chiffre d'affaires - Conseil informatique (NAF rév. 2, niv. classe poste 62.02)";"Turnover index - Computer consultancy activities (NAF rev. 2, lev. Class, item 62.02)";"2021-02-26";"SO";"0";"FE";"2";NA
2007-11-01;"2007-11";74.07;"A";"DEF";"A";"010543680";"M";"Indice de chiffre d'affaires - Conseil informatique (NAF rév. 2, niv. classe poste 62.02)";"Turnover index - Computer consultancy activities (NAF rev. 2, lev. Class, item 62.02)";"2021-02-26";"SO";"0";"FE";"2";NA
2007-10-01;"2007-10";73.41;"A";"DEF";"A";"010543680";"M";"Indice de chiffre d'affaires - Conseil informatique (NAF rév. 2, niv. classe poste 62.02)";"Turnover index - Computer consultancy activities (NAF rev. 2, lev. Class, item 62.02)";"2021-02-26";"SO";"0";"FE";"2";NA
2007-09-01;"2007-09";72.09;"A";"DEF";"A";"010543680";"M";"Indice de chiffre d'affaires - Conseil informatique (NAF rév. 2, niv. classe poste 62.02)";"Turnover index - Computer consultancy activities (NAF rev. 2, lev. Class, item 62.02)";"2021-02-26";"SO";"0";"FE";"2";NA
2007-08-01;"2007-08";73.47;"A";"DEF";"A";"010543680";"M";"Indice de chiffre d'affaires - Conseil informatique (NAF rév. 2, niv. classe poste 62.02)";"Turnover index - Computer consultancy activities (NAF rev. 2, lev. Class, item 62.02)";"2021-02-26";"SO";"0";"FE";"2";NA
2007-07-01;"2007-07";69.82;"A";"DEF";"A";"010543680";"M";"Indice de chiffre d'affaires - Conseil informatique (NAF rév. 2, niv. classe poste 62.02)";"Turnover index - Computer consultancy activities (NAF rev. 2, lev. Class, item 62.02)";"2021-02-26";"SO";"0";"FE";"2";NA
2007-06-01;"2007-06";72.31;"A";"DEF";"A";"010543680";"M";"Indice de chiffre d'affaires - Conseil informatique (NAF rév. 2, niv. classe poste 62.02)";"Turnover index - Computer consultancy activities (NAF rev. 2, lev. Class, item 62.02)";"2021-02-26";"SO";"0";"FE";"2";NA
2007-05-01;"2007-05";71.31;"A";"DEF";"A";"010543680";"M";"Indice de chiffre d'affaires - Conseil informatique (NAF rév. 2, niv. classe poste 62.02)";"Turnover index - Computer consultancy activities (NAF rev. 2, lev. Class, item 62.02)";"2021-02-26";"SO";"0";"FE";"2";NA
2007-04-01;"2007-04";70.12;"A";"DEF";"A";"010543680";"M";"Indice de chiffre d'affaires - Conseil informatique (NAF rév. 2, niv. classe poste 62.02)";"Turnover index - Computer consultancy activities (NAF rev. 2, lev. Class, item 62.02)";"2021-02-26";"SO";"0";"FE";"2";NA
2007-03-01;"2007-03";69.98;"A";"DEF";"A";"010543680";"M";"Indice de chiffre d'affaires - Conseil informatique (NAF rév. 2, niv. classe poste 62.02)";"Turnover index - Computer consultancy activities (NAF rev. 2, lev. Class, item 62.02)";"2021-02-26";"SO";"0";"FE";"2";NA
2007-02-01;"2007-02";70.08;"A";"DEF";"A";"010543680";"M";"Indice de chiffre d'affaires - Conseil informatique (NAF rév. 2, niv. classe poste 62.02)";"Turnover index - Computer consultancy activities (NAF rev. 2, lev. Class, item 62.02)";"2021-02-26";"SO";"0";"FE";"2";NA
2007-01-01;"2007-01";71.14;"A";"DEF";"A";"010543680";"M";"Indice de chiffre d'affaires - Conseil informatique (NAF rév. 2, niv. classe poste 62.02)";"Turnover index - Computer consultancy activities (NAF rev. 2, lev. Class, item 62.02)";"2021-02-26";"SO";"0";"FE";"2";NA
2006-12-01;"2006-12";74.06;"A";"DEF";"A";"010543680";"M";"Indice de chiffre d'affaires - Conseil informatique (NAF rév. 2, niv. classe poste 62.02)";"Turnover index - Computer consultancy activities (NAF rev. 2, lev. Class, item 62.02)";"2021-02-26";"SO";"0";"FE";"2";NA
2006-11-01;"2006-11";68.88;"A";"DEF";"A";"010543680";"M";"Indice de chiffre d'affaires - Conseil informatique (NAF rév. 2, niv. classe poste 62.02)";"Turnover index - Computer consultancy activities (NAF rev. 2, lev. Class, item 62.02)";"2021-02-26";"SO";"0";"FE";"2";NA
2006-10-01;"2006-10";70.07;"A";"DEF";"A";"010543680";"M";"Indice de chiffre d'affaires - Conseil informatique (NAF rév. 2, niv. classe poste 62.02)";"Turnover index - Computer consultancy activities (NAF rev. 2, lev. Class, item 62.02)";"2021-02-26";"SO";"0";"FE";"2";NA
2006-09-01;"2006-09";69.61;"A";"DEF";"A";"010543680";"M";"Indice de chiffre d'affaires - Conseil informatique (NAF rév. 2, niv. classe poste 62.02)";"Turnover index - Computer consultancy activities (NAF rev. 2, lev. Class, item 62.02)";"2021-02-26";"SO";"0";"FE";"2";NA
2006-08-01;"2006-08";68.13;"A";"DEF";"A";"010543680";"M";"Indice de chiffre d'affaires - Conseil informatique (NAF rév. 2, niv. classe poste 62.02)";"Turnover index - Computer consultancy activities (NAF rev. 2, lev. Class, item 62.02)";"2021-02-26";"SO";"0";"FE";"2";NA
2006-07-01;"2006-07";67.28;"A";"DEF";"A";"010543680";"M";"Indice de chiffre d'affaires - Conseil informatique (NAF rév. 2, niv. classe poste 62.02)";"Turnover index - Computer consultancy activities (NAF rev. 2, lev. Class, item 62.02)";"2021-02-26";"SO";"0";"FE";"2";NA
2006-06-01;"2006-06";67.85;"A";"DEF";"A";"010543680";"M";"Indice de chiffre d'affaires - Conseil informatique (NAF rév. 2, niv. classe poste 62.02)";"Turnover index - Computer consultancy activities (NAF rev. 2, lev. Class, item 62.02)";"2021-02-26";"SO";"0";"FE";"2";NA
2006-05-01;"2006-05";68.18;"A";"DEF";"A";"010543680";"M";"Indice de chiffre d'affaires - Conseil informatique (NAF rév. 2, niv. classe poste 62.02)";"Turnover index - Computer consultancy activities (NAF rev. 2, lev. Class, item 62.02)";"2021-02-26";"SO";"0";"FE";"2";NA
2006-04-01;"2006-04";66.86;"A";"DEF";"A";"010543680";"M";"Indice de chiffre d'affaires - Conseil informatique (NAF rév. 2, niv. classe poste 62.02)";"Turnover index - Computer consultancy activities (NAF rev. 2, lev. Class, item 62.02)";"2021-02-26";"SO";"0";"FE";"2";NA
2006-03-01;"2006-03";66.35;"A";"DEF";"A";"010543680";"M";"Indice de chiffre d'affaires - Conseil informatique (NAF rév. 2, niv. classe poste 62.02)";"Turnover index - Computer consultancy activities (NAF rev. 2, lev. Class, item 62.02)";"2021-02-26";"SO";"0";"FE";"2";NA
2006-02-01;"2006-02";65.22;"A";"DEF";"A";"010543680";"M";"Indice de chiffre d'affaires - Conseil informatique (NAF rév. 2, niv. classe poste 62.02)";"Turnover index - Computer consultancy activities (NAF rev. 2, lev. Class, item 62.02)";"2021-02-26";"SO";"0";"FE";"2";NA
2006-01-01;"2006-01";65.9;"A";"DEF";"A";"010543680";"M";"Indice de chiffre d'affaires - Conseil informatique (NAF rév. 2, niv. classe poste 62.02)";"Turnover index - Computer consultancy activities (NAF rev. 2, lev. Class, item 62.02)";"2021-02-26";"SO";"0";"FE";"2";NA
2005-12-01;"2005-12";64.66;"A";"DEF";"A";"010543680";"M";"Indice de chiffre d'affaires - Conseil informatique (NAF rév. 2, niv. classe poste 62.02)";"Turnover index - Computer consultancy activities (NAF rev. 2, lev. Class, item 62.02)";"2021-02-26";"SO";"0";"FE";"2";NA
2005-11-01;"2005-11";65.2;"A";"DEF";"A";"010543680";"M";"Indice de chiffre d'affaires - Conseil informatique (NAF rév. 2, niv. classe poste 62.02)";"Turnover index - Computer consultancy activities (NAF rev. 2, lev. Class, item 62.02)";"2021-02-26";"SO";"0";"FE";"2";NA
2005-10-01;"2005-10";63.5;"A";"DEF";"A";"010543680";"M";"Indice de chiffre d'affaires - Conseil informatique (NAF rév. 2, niv. classe poste 62.02)";"Turnover index - Computer consultancy activities (NAF rev. 2, lev. Class, item 62.02)";"2021-02-26";"SO";"0";"FE";"2";NA
2005-09-01;"2005-09";64.85;"A";"DEF";"A";"010543680";"M";"Indice de chiffre d'affaires - Conseil informatique (NAF rév. 2, niv. classe poste 62.02)";"Turnover index - Computer consultancy activities (NAF rev. 2, lev. Class, item 62.02)";"2021-02-26";"SO";"0";"FE";"2";NA
2005-08-01;"2005-08";63.97;"A";"DEF";"A";"010543680";"M";"Indice de chiffre d'affaires - Conseil informatique (NAF rév. 2, niv. classe poste 62.02)";"Turnover index - Computer consultancy activities (NAF rev. 2, lev. Class, item 62.02)";"2021-02-26";"SO";"0";"FE";"2";NA
2005-07-01;"2005-07";65.49;"A";"DEF";"A";"010543680";"M";"Indice de chiffre d'affaires - Conseil informatique (NAF rév. 2, niv. classe poste 62.02)";"Turnover index - Computer consultancy activities (NAF rev. 2, lev. Class, item 62.02)";"2021-02-26";"SO";"0";"FE";"2";NA
2005-06-01;"2005-06";60.36;"A";"DEF";"A";"010543680";"M";"Indice de chiffre d'affaires - Conseil informatique (NAF rév. 2, niv. classe poste 62.02)";"Turnover index - Computer consultancy activities (NAF rev. 2, lev. Class, item 62.02)";"2021-02-26";"SO";"0";"FE";"2";NA
2005-05-01;"2005-05";62.25;"A";"DEF";"A";"010543680";"M";"Indice de chiffre d'affaires - Conseil informatique (NAF rév. 2, niv. classe poste 62.02)";"Turnover index - Computer consultancy activities (NAF rev. 2, lev. Class, item 62.02)";"2021-02-26";"SO";"0";"FE";"2";NA
2005-04-01;"2005-04";61.66;"A";"DEF";"A";"010543680";"M";"Indice de chiffre d'affaires - Conseil informatique (NAF rév. 2, niv. classe poste 62.02)";"Turnover index - Computer consultancy activities (NAF rev. 2, lev. Class, item 62.02)";"2021-02-26";"SO";"0";"FE";"2";NA
2005-03-01;"2005-03";62.96;"A";"DEF";"A";"010543680";"M";"Indice de chiffre d'affaires - Conseil informatique (NAF rév. 2, niv. classe poste 62.02)";"Turnover index - Computer consultancy activities (NAF rev. 2, lev. Class, item 62.02)";"2021-02-26";"SO";"0";"FE";"2";NA
2005-02-01;"2005-02";61.59;"A";"DEF";"A";"010543680";"M";"Indice de chiffre d'affaires - Conseil informatique (NAF rév. 2, niv. classe poste 62.02)";"Turnover index - Computer consultancy activities (NAF rev. 2, lev. Class, item 62.02)";"2021-02-26";"SO";"0";"FE";"2";NA
2005-01-01;"2005-01";61.9;"A";"DEF";"A";"010543680";"M";"Indice de chiffre d'affaires - Conseil informatique (NAF rév. 2, niv. classe poste 62.02)";"Turnover index - Computer consultancy activities (NAF rev. 2, lev. Class, item 62.02)";"2021-02-26";"SO";"0";"FE";"2";NA
2004-12-01;"2004-12";62.03;"A";"DEF";"A";"010543680";"M";"Indice de chiffre d'affaires - Conseil informatique (NAF rév. 2, niv. classe poste 62.02)";"Turnover index - Computer consultancy activities (NAF rev. 2, lev. Class, item 62.02)";"2021-02-26";"SO";"0";"FE";"2";NA
2004-11-01;"2004-11";62.24;"A";"DEF";"A";"010543680";"M";"Indice de chiffre d'affaires - Conseil informatique (NAF rév. 2, niv. classe poste 62.02)";"Turnover index - Computer consultancy activities (NAF rev. 2, lev. Class, item 62.02)";"2021-02-26";"SO";"0";"FE";"2";NA
2004-10-01;"2004-10";62.52;"A";"DEF";"A";"010543680";"M";"Indice de chiffre d'affaires - Conseil informatique (NAF rév. 2, niv. classe poste 62.02)";"Turnover index - Computer consultancy activities (NAF rev. 2, lev. Class, item 62.02)";"2021-02-26";"SO";"0";"FE";"2";NA
2004-09-01;"2004-09";61.97;"A";"DEF";"A";"010543680";"M";"Indice de chiffre d'affaires - Conseil informatique (NAF rév. 2, niv. classe poste 62.02)";"Turnover index - Computer consultancy activities (NAF rev. 2, lev. Class, item 62.02)";"2021-02-26";"SO";"0";"FE";"2";NA
2004-08-01;"2004-08";61.41;"A";"DEF";"A";"010543680";"M";"Indice de chiffre d'affaires - Conseil informatique (NAF rév. 2, niv. classe poste 62.02)";"Turnover index - Computer consultancy activities (NAF rev. 2, lev. Class, item 62.02)";"2021-02-26";"SO";"0";"FE";"2";NA
2004-07-01;"2004-07";61.77;"A";"DEF";"A";"010543680";"M";"Indice de chiffre d'affaires - Conseil informatique (NAF rév. 2, niv. classe poste 62.02)";"Turnover index - Computer consultancy activities (NAF rev. 2, lev. Class, item 62.02)";"2021-02-26";"SO";"0";"FE";"2";NA
2004-06-01;"2004-06";59.48;"A";"DEF";"A";"010543680";"M";"Indice de chiffre d'affaires - Conseil informatique (NAF rév. 2, niv. classe poste 62.02)";"Turnover index - Computer consultancy activities (NAF rev. 2, lev. Class, item 62.02)";"2021-02-26";"SO";"0";"FE";"2";NA
2004-05-01;"2004-05";60.4;"A";"DEF";"A";"010543680";"M";"Indice de chiffre d'affaires - Conseil informatique (NAF rév. 2, niv. classe poste 62.02)";"Turnover index - Computer consultancy activities (NAF rev. 2, lev. Class, item 62.02)";"2021-02-26";"SO";"0";"FE";"2";NA
2004-04-01;"2004-04";59.35;"A";"DEF";"A";"010543680";"M";"Indice de chiffre d'affaires - Conseil informatique (NAF rév. 2, niv. classe poste 62.02)";"Turnover index - Computer consultancy activities (NAF rev. 2, lev. Class, item 62.02)";"2021-02-26";"SO";"0";"FE";"2";NA
2004-03-01;"2004-03";60.07;"A";"DEF";"A";"010543680";"M";"Indice de chiffre d'affaires - Conseil informatique (NAF rév. 2, niv. classe poste 62.02)";"Turnover index - Computer consultancy activities (NAF rev. 2, lev. Class, item 62.02)";"2021-02-26";"SO";"0";"FE";"2";NA
2004-02-01;"2004-02";61.24;"A";"DEF";"A";"010543680";"M";"Indice de chiffre d'affaires - Conseil informatique (NAF rév. 2, niv. classe poste 62.02)";"Turnover index - Computer consultancy activities (NAF rev. 2, lev. Class, item 62.02)";"2021-02-26";"SO";"0";"FE";"2";NA
2004-01-01;"2004-01";60.25;"A";"DEF";"A";"010543680";"M";"Indice de chiffre d'affaires - Conseil informatique (NAF rév. 2, niv. classe poste 62.02)";"Turnover index - Computer consultancy activities (NAF rev. 2, lev. Class, item 62.02)";"2021-02-26";"SO";"0";"FE";"2";NA
2003-12-01;"2003-12";59.43;"A";"DEF";"A";"010543680";"M";"Indice de chiffre d'affaires - Conseil informatique (NAF rév. 2, niv. classe poste 62.02)";"Turnover index - Computer consultancy activities (NAF rev. 2, lev. Class, item 62.02)";"2021-02-26";"SO";"0";"FE";"2";NA
2003-11-01;"2003-11";58.01;"A";"DEF";"A";"010543680";"M";"Indice de chiffre d'affaires - Conseil informatique (NAF rév. 2, niv. classe poste 62.02)";"Turnover index - Computer consultancy activities (NAF rev. 2, lev. Class, item 62.02)";"2021-02-26";"SO";"0";"FE";"2";NA
2003-10-01;"2003-10";60.08;"A";"DEF";"A";"010543680";"M";"Indice de chiffre d'affaires - Conseil informatique (NAF rév. 2, niv. classe poste 62.02)";"Turnover index - Computer consultancy activities (NAF rev. 2, lev. Class, item 62.02)";"2021-02-26";"SO";"0";"FE";"2";NA
2003-09-01;"2003-09";59.52;"A";"DEF";"A";"010543680";"M";"Indice de chiffre d'affaires - Conseil informatique (NAF rév. 2, niv. classe poste 62.02)";"Turnover index - Computer consultancy activities (NAF rev. 2, lev. Class, item 62.02)";"2021-02-26";"SO";"0";"FE";"2";NA
2003-08-01;"2003-08";61.68;"A";"DEF";"A";"010543680";"M";"Indice de chiffre d'affaires - Conseil informatique (NAF rév. 2, niv. classe poste 62.02)";"Turnover index - Computer consultancy activities (NAF rev. 2, lev. Class, item 62.02)";"2021-02-26";"SO";"0";"FE";"2";NA
2003-07-01;"2003-07";61.06;"A";"DEF";"A";"010543680";"M";"Indice de chiffre d'affaires - Conseil informatique (NAF rév. 2, niv. classe poste 62.02)";"Turnover index - Computer consultancy activities (NAF rev. 2, lev. Class, item 62.02)";"2021-02-26";"SO";"0";"FE";"2";NA
2003-06-01;"2003-06";58.53;"A";"DEF";"A";"010543680";"M";"Indice de chiffre d'affaires - Conseil informatique (NAF rév. 2, niv. classe poste 62.02)";"Turnover index - Computer consultancy activities (NAF rev. 2, lev. Class, item 62.02)";"2021-02-26";"SO";"0";"FE";"2";NA
2003-05-01;"2003-05";58.23;"A";"DEF";"A";"010543680";"M";"Indice de chiffre d'affaires - Conseil informatique (NAF rév. 2, niv. classe poste 62.02)";"Turnover index - Computer consultancy activities (NAF rev. 2, lev. Class, item 62.02)";"2021-02-26";"SO";"0";"FE";"2";NA
2003-04-01;"2003-04";60.02;"A";"DEF";"A";"010543680";"M";"Indice de chiffre d'affaires - Conseil informatique (NAF rév. 2, niv. classe poste 62.02)";"Turnover index - Computer consultancy activities (NAF rev. 2, lev. Class, item 62.02)";"2021-02-26";"SO";"0";"FE";"2";NA
2003-03-01;"2003-03";60.22;"A";"DEF";"A";"010543680";"M";"Indice de chiffre d'affaires - Conseil informatique (NAF rév. 2, niv. classe poste 62.02)";"Turnover index - Computer consultancy activities (NAF rev. 2, lev. Class, item 62.02)";"2021-02-26";"SO";"0";"FE";"2";NA
2003-02-01;"2003-02";59.49;"A";"DEF";"A";"010543680";"M";"Indice de chiffre d'affaires - Conseil informatique (NAF rév. 2, niv. classe poste 62.02)";"Turnover index - Computer consultancy activities (NAF rev. 2, lev. Class, item 62.02)";"2021-02-26";"SO";"0";"FE";"2";NA
2003-01-01;"2003-01";57.76;"A";"DEF";"A";"010543680";"M";"Indice de chiffre d'affaires - Conseil informatique (NAF rév. 2, niv. classe poste 62.02)";"Turnover index - Computer consultancy activities (NAF rev. 2, lev. Class, item 62.02)";"2021-02-26";"SO";"0";"FE";"2";NA
2002-12-01;"2002-12";58.05;"A";"DEF";"A";"010543680";"M";"Indice de chiffre d'affaires - Conseil informatique (NAF rév. 2, niv. classe poste 62.02)";"Turnover index - Computer consultancy activities (NAF rev. 2, lev. Class, item 62.02)";"2021-02-26";"SO";"0";"FE";"2";NA
2002-11-01;"2002-11";59.44;"A";"DEF";"A";"010543680";"M";"Indice de chiffre d'affaires - Conseil informatique (NAF rév. 2, niv. classe poste 62.02)";"Turnover index - Computer consultancy activities (NAF rev. 2, lev. Class, item 62.02)";"2021-02-26";"SO";"0";"FE";"2";NA
2002-10-01;"2002-10";59.46;"A";"DEF";"A";"010543680";"M";"Indice de chiffre d'affaires - Conseil informatique (NAF rév. 2, niv. classe poste 62.02)";"Turnover index - Computer consultancy activities (NAF rev. 2, lev. Class, item 62.02)";"2021-02-26";"SO";"0";"FE";"2";NA
2002-09-01;"2002-09";61.88;"A";"DEF";"A";"010543680";"M";"Indice de chiffre d'affaires - Conseil informatique (NAF rév. 2, niv. classe poste 62.02)";"Turnover index - Computer consultancy activities (NAF rev. 2, lev. Class, item 62.02)";"2021-02-26";"SO";"0";"FE";"2";NA
2002-08-01;"2002-08";58.63;"A";"DEF";"A";"010543680";"M";"Indice de chiffre d'affaires - Conseil informatique (NAF rév. 2, niv. classe poste 62.02)";"Turnover index - Computer consultancy activities (NAF rev. 2, lev. Class, item 62.02)";"2021-02-26";"SO";"0";"FE";"2";NA
2002-07-01;"2002-07";58.99;"A";"DEF";"A";"010543680";"M";"Indice de chiffre d'affaires - Conseil informatique (NAF rév. 2, niv. classe poste 62.02)";"Turnover index - Computer consultancy activities (NAF rev. 2, lev. Class, item 62.02)";"2021-02-26";"SO";"0";"FE";"2";NA
2002-06-01;"2002-06";60.65;"A";"DEF";"A";"010543680";"M";"Indice de chiffre d'affaires - Conseil informatique (NAF rév. 2, niv. classe poste 62.02)";"Turnover index - Computer consultancy activities (NAF rev. 2, lev. Class, item 62.02)";"2021-02-26";"SO";"0";"FE";"2";NA
2002-05-01;"2002-05";61.08;"A";"DEF";"A";"010543680";"M";"Indice de chiffre d'affaires - Conseil informatique (NAF rév. 2, niv. classe poste 62.02)";"Turnover index - Computer consultancy activities (NAF rev. 2, lev. Class, item 62.02)";"2021-02-26";"SO";"0";"FE";"2";NA
2002-04-01;"2002-04";61.87;"A";"DEF";"A";"010543680";"M";"Indice de chiffre d'affaires - Conseil informatique (NAF rév. 2, niv. classe poste 62.02)";"Turnover index - Computer consultancy activities (NAF rev. 2, lev. Class, item 62.02)";"2021-02-26";"SO";"0";"FE";"2";NA
2002-03-01;"2002-03";59.61;"A";"DEF";"A";"010543680";"M";"Indice de chiffre d'affaires - Conseil informatique (NAF rév. 2, niv. classe poste 62.02)";"Turnover index - Computer consultancy activities (NAF rev. 2, lev. Class, item 62.02)";"2021-02-26";"SO";"0";"FE";"2";NA
2002-02-01;"2002-02";59.69;"A";"DEF";"A";"010543680";"M";"Indice de chiffre d'affaires - Conseil informatique (NAF rév. 2, niv. classe poste 62.02)";"Turnover index - Computer consultancy activities (NAF rev. 2, lev. Class, item 62.02)";"2021-02-26";"SO";"0";"FE";"2";NA
2002-01-01;"2002-01";60.31;"A";"DEF";"A";"010543680";"M";"Indice de chiffre d'affaires - Conseil informatique (NAF rév. 2, niv. classe poste 62.02)";"Turnover index - Computer consultancy activities (NAF rev. 2, lev. Class, item 62.02)";"2021-02-26";"SO";"0";"FE";"2";NA
2001-12-01;"2001-12";62.12;"A";"DEF";"A";"010543680";"M";"Indice de chiffre d'affaires - Conseil informatique (NAF rév. 2, niv. classe poste 62.02)";"Turnover index - Computer consultancy activities (NAF rev. 2, lev. Class, item 62.02)";"2021-02-26";"SO";"0";"FE";"2";NA
2001-11-01;"2001-11";60.66;"A";"DEF";"A";"010543680";"M";"Indice de chiffre d'affaires - Conseil informatique (NAF rév. 2, niv. classe poste 62.02)";"Turnover index - Computer consultancy activities (NAF rev. 2, lev. Class, item 62.02)";"2021-02-26";"SO";"0";"FE";"2";NA
2001-10-01;"2001-10";60.36;"A";"DEF";"A";"010543680";"M";"Indice de chiffre d'affaires - Conseil informatique (NAF rév. 2, niv. classe poste 62.02)";"Turnover index - Computer consultancy activities (NAF rev. 2, lev. Class, item 62.02)";"2021-02-26";"SO";"0";"FE";"2";NA
2001-09-01;"2001-09";60.96;"A";"DEF";"A";"010543680";"M";"Indice de chiffre d'affaires - Conseil informatique (NAF rév. 2, niv. classe poste 62.02)";"Turnover index - Computer consultancy activities (NAF rev. 2, lev. Class, item 62.02)";"2021-02-26";"SO";"0";"FE";"2";NA
2001-08-01;"2001-08";60.27;"A";"DEF";"A";"010543680";"M";"Indice de chiffre d'affaires - Conseil informatique (NAF rév. 2, niv. classe poste 62.02)";"Turnover index - Computer consultancy activities (NAF rev. 2, lev. Class, item 62.02)";"2021-02-26";"SO";"0";"FE";"2";NA
2001-07-01;"2001-07";59.12;"A";"DEF";"A";"010543680";"M";"Indice de chiffre d'affaires - Conseil informatique (NAF rév. 2, niv. classe poste 62.02)";"Turnover index - Computer consultancy activities (NAF rev. 2, lev. Class, item 62.02)";"2021-02-26";"SO";"0";"FE";"2";NA
2001-06-01;"2001-06";60.37;"A";"DEF";"A";"010543680";"M";"Indice de chiffre d'affaires - Conseil informatique (NAF rév. 2, niv. classe poste 62.02)";"Turnover index - Computer consultancy activities (NAF rev. 2, lev. Class, item 62.02)";"2021-02-26";"SO";"0";"FE";"2";NA
2001-05-01;"2001-05";60.72;"A";"DEF";"A";"010543680";"M";"Indice de chiffre d'affaires - Conseil informatique (NAF rév. 2, niv. classe poste 62.02)";"Turnover index - Computer consultancy activities (NAF rev. 2, lev. Class, item 62.02)";"2021-02-26";"SO";"0";"FE";"2";NA
2001-04-01;"2001-04";57.03;"A";"DEF";"A";"010543680";"M";"Indice de chiffre d'affaires - Conseil informatique (NAF rév. 2, niv. classe poste 62.02)";"Turnover index - Computer consultancy activities (NAF rev. 2, lev. Class, item 62.02)";"2021-02-26";"SO";"0";"FE";"2";NA
2001-03-01;"2001-03";59.2;"A";"DEF";"A";"010543680";"M";"Indice de chiffre d'affaires - Conseil informatique (NAF rév. 2, niv. classe poste 62.02)";"Turnover index - Computer consultancy activities (NAF rev. 2, lev. Class, item 62.02)";"2021-02-26";"SO";"0";"FE";"2";NA
2001-02-01;"2001-02";59.48;"A";"DEF";"A";"010543680";"M";"Indice de chiffre d'affaires - Conseil informatique (NAF rév. 2, niv. classe poste 62.02)";"Turnover index - Computer consultancy activities (NAF rev. 2, lev. Class, item 62.02)";"2021-02-26";"SO";"0";"FE";"2";NA
2001-01-01;"2001-01";58.95;"A";"DEF";"A";"010543680";"M";"Indice de chiffre d'affaires - Conseil informatique (NAF rév. 2, niv. classe poste 62.02)";"Turnover index - Computer consultancy activities (NAF rev. 2, lev. Class, item 62.02)";"2021-02-26";"SO";"0";"FE";"2";NA
2000-12-01;"2000-12";59.69;"A";"DEF";"A";"010543680";"M";"Indice de chiffre d'affaires - Conseil informatique (NAF rév. 2, niv. classe poste 62.02)";"Turnover index - Computer consultancy activities (NAF rev. 2, lev. Class, item 62.02)";"2021-02-26";"SO";"0";"FE";"2";NA
2000-11-01;"2000-11";57.35;"A";"DEF";"A";"010543680";"M";"Indice de chiffre d'affaires - Conseil informatique (NAF rév. 2, niv. classe poste 62.02)";"Turnover index - Computer consultancy activities (NAF rev. 2, lev. Class, item 62.02)";"2021-02-26";"SO";"0";"FE";"2";NA
2000-10-01;"2000-10";56.17;"A";"DEF";"A";"010543680";"M";"Indice de chiffre d'affaires - Conseil informatique (NAF rév. 2, niv. classe poste 62.02)";"Turnover index - Computer consultancy activities (NAF rev. 2, lev. Class, item 62.02)";"2021-02-26";"SO";"0";"FE";"2";NA
2000-09-01;"2000-09";56.58;"A";"DEF";"A";"010543680";"M";"Indice de chiffre d'affaires - Conseil informatique (NAF rév. 2, niv. classe poste 62.02)";"Turnover index - Computer consultancy activities (NAF rev. 2, lev. Class, item 62.02)";"2021-02-26";"SO";"0";"FE";"2";NA
2000-08-01;"2000-08";56.86;"A";"DEF";"A";"010543680";"M";"Indice de chiffre d'affaires - Conseil informatique (NAF rév. 2, niv. classe poste 62.02)";"Turnover index - Computer consultancy activities (NAF rev. 2, lev. Class, item 62.02)";"2021-02-26";"SO";"0";"FE";"2";NA
2000-07-01;"2000-07";56.79;"A";"DEF";"A";"010543680";"M";"Indice de chiffre d'affaires - Conseil informatique (NAF rév. 2, niv. classe poste 62.02)";"Turnover index - Computer consultancy activities (NAF rev. 2, lev. Class, item 62.02)";"2021-02-26";"SO";"0";"FE";"2";NA
2000-06-01;"2000-06";56.94;"A";"DEF";"A";"010543680";"M";"Indice de chiffre d'affaires - Conseil informatique (NAF rév. 2, niv. classe poste 62.02)";"Turnover index - Computer consultancy activities (NAF rev. 2, lev. Class, item 62.02)";"2021-02-26";"SO";"0";"FE";"2";NA
2000-05-01;"2000-05";54.29;"A";"DEF";"A";"010543680";"M";"Indice de chiffre d'affaires - Conseil informatique (NAF rév. 2, niv. classe poste 62.02)";"Turnover index - Computer consultancy activities (NAF rev. 2, lev. Class, item 62.02)";"2021-02-26";"SO";"0";"FE";"2";NA
2000-04-01;"2000-04";54.3;"A";"DEF";"A";"010543680";"M";"Indice de chiffre d'affaires - Conseil informatique (NAF rév. 2, niv. classe poste 62.02)";"Turnover index - Computer consultancy activities (NAF rev. 2, lev. Class, item 62.02)";"2021-02-26";"SO";"0";"FE";"2";NA
2000-03-01;"2000-03";54.97;"A";"DEF";"A";"010543680";"M";"Indice de chiffre d'affaires - Conseil informatique (NAF rév. 2, niv. classe poste 62.02)";"Turnover index - Computer consultancy activities (NAF rev. 2, lev. Class, item 62.02)";"2021-02-26";"SO";"0";"FE";"2";NA
2000-02-01;"2000-02";53.87;"A";"DEF";"A";"010543680";"M";"Indice de chiffre d'affaires - Conseil informatique (NAF rév. 2, niv. classe poste 62.02)";"Turnover index - Computer consultancy activities (NAF rev. 2, lev. Class, item 62.02)";"2021-02-26";"SO";"0";"FE";"2";NA
2000-01-01;"2000-01";54.42;"A";"DEF";"A";"010543680";"M";"Indice de chiffre d'affaires - Conseil informatique (NAF rév. 2, niv. classe poste 62.02)";"Turnover index - Computer consultancy activities (NAF rev. 2, lev. Class, item 62.02)";"2021-02-26";"SO";"0";"FE";"2";NA
1999-12-01;"1999-12";53.98;"A";"DEF";"A";"010543680";"M";"Indice de chiffre d'affaires - Conseil informatique (NAF rév. 2, niv. classe poste 62.02)";"Turnover index - Computer consultancy activities (NAF rev. 2, lev. Class, item 62.02)";"2021-02-26";"SO";"0";"FE";"2";NA
1999-11-01;"1999-11";54.44;"A";"DEF";"A";"010543680";"M";"Indice de chiffre d'affaires - Conseil informatique (NAF rév. 2, niv. classe poste 62.02)";"Turnover index - Computer consultancy activities (NAF rev. 2, lev. Class, item 62.02)";"2021-02-26";"SO";"0";"FE";"2";NA
1999-10-01;"1999-10";53.67;"A";"DEF";"A";"010543680";"M";"Indice de chiffre d'affaires - Conseil informatique (NAF rév. 2, niv. classe poste 62.02)";"Turnover index - Computer consultancy activities (NAF rev. 2, lev. Class, item 62.02)";"2021-02-26";"SO";"0";"FE";"2";NA
1999-09-01;"1999-09";52.55;"A";"DEF";"A";"010543680";"M";"Indice de chiffre d'affaires - Conseil informatique (NAF rév. 2, niv. classe poste 62.02)";"Turnover index - Computer consultancy activities (NAF rev. 2, lev. Class, item 62.02)";"2021-02-26";"SO";"0";"FE";"2";NA
1999-08-01;"1999-08";51.52;"A";"DEF";"A";"010543680";"M";"Indice de chiffre d'affaires - Conseil informatique (NAF rév. 2, niv. classe poste 62.02)";"Turnover index - Computer consultancy activities (NAF rev. 2, lev. Class, item 62.02)";"2021-02-26";"SO";"0";"FE";"2";NA
1999-07-01;"1999-07";53.97;"A";"DEF";"A";"010543680";"M";"Indice de chiffre d'affaires - Conseil informatique (NAF rév. 2, niv. classe poste 62.02)";"Turnover index - Computer consultancy activities (NAF rev. 2, lev. Class, item 62.02)";"2021-02-26";"SO";"0";"FE";"2";NA
1999-06-01;"1999-06";49.92;"A";"DEF";"A";"010543680";"M";"Indice de chiffre d'affaires - Conseil informatique (NAF rév. 2, niv. classe poste 62.02)";"Turnover index - Computer consultancy activities (NAF rev. 2, lev. Class, item 62.02)";"2021-02-26";"SO";"0";"FE";"2";NA
1999-05-01;"1999-05";49.44;"A";"DEF";"A";"010543680";"M";"Indice de chiffre d'affaires - Conseil informatique (NAF rév. 2, niv. classe poste 62.02)";"Turnover index - Computer consultancy activities (NAF rev. 2, lev. Class, item 62.02)";"2021-02-26";"SO";"0";"FE";"2";NA
1999-04-01;"1999-04";50.13;"A";"DEF";"A";"010543680";"M";"Indice de chiffre d'affaires - Conseil informatique (NAF rév. 2, niv. classe poste 62.02)";"Turnover index - Computer consultancy activities (NAF rev. 2, lev. Class, item 62.02)";"2021-02-26";"SO";"0";"FE";"2";NA
1999-03-01;"1999-03";48.93;"A";"DEF";"A";"010543680";"M";"Indice de chiffre d'affaires - Conseil informatique (NAF rév. 2, niv. classe poste 62.02)";"Turnover index - Computer consultancy activities (NAF rev. 2, lev. Class, item 62.02)";"2021-02-26";"SO";"0";"FE";"2";NA
1999-02-01;"1999-02";50.36;"A";"DEF";"A";"010543680";"M";"Indice de chiffre d'affaires - Conseil informatique (NAF rév. 2, niv. classe poste 62.02)";"Turnover index - Computer consultancy activities (NAF rev. 2, lev. Class, item 62.02)";"2021-02-26";"SO";"0";"FE";"2";NA
1999-01-01;"1999-01";48.98;"A";"DEF";"A";"010543680";"M";"Indice de chiffre d'affaires - Conseil informatique (NAF rév. 2, niv. classe poste 62.02)";"Turnover index - Computer consultancy activities (NAF rev. 2, lev. Class, item 62.02)";"2021-02-26";"SO";"0";"FE";"2";NA
